Vertical,Sistema,Tema,Quantidade
"Pessoal","Folha (Cloud)","Outros",234
"Contábil","Contabilidade (Cloud)","Gerenciador de relatórios",232
"Arrecadação","Tributos (Cloud)","Atendimento",215
"Arrecadação","Tributos (Cloud)","Fonte de dados - Tributos",181
"Contratos","Contratos (Cloud)","Interações com o Contábil",174
"Contábil","Contabilidade (Cloud)","Outros",170
"Contratos","Contratos (Cloud)","Contratações",166
"Contratos","Contratos (Cloud)","Solicitação de Fornecimento",166
"Contábil","Tesouraria (Cloud)","Pagamentos",153
"Pessoal","Folha (Cloud)","Gerenciador de relatórios",148
"Arrecadação","Tributos (Cloud)","Transferência de imóveis",129
"Saúde","Saúde (Cloud)","Cadastros",129
"Arrecadação","Tributos (Cloud)","Outros",122
"Contratos","Compras (Cloud)","Outros",120
"Arrecadação","Tributos (Cloud)","Fiscalização Imobiliária",118
"Saúde","Saúde (Cloud)","Atendimento",112
"Arrecadação","Tributos (Cloud)","Imóveis",111
"Contratos","Compras (Cloud)","Processos Administrativos",107
"Contábil","Contabilidade (Cloud)","Cadastro de Empenhos",104
"Educação","Professores","Registro de frequência",104
"Contábil","Contabilidade (Cloud)","Interação com Folha",103
"Pessoal","Folha (Cloud)","Matrículas funcionais",103
"Arrecadação","Tributos (Cloud)","Requerimento/Manutenção de lançamento",102
"Educação","Professores","Conteúdos planejados",99
"Saúde","Saúde (Cloud)","Outros",99
"Contratos","Compras (Cloud)","Relatórios",98
"Arrecadação","Tributos (Cloud)","Econômicos",93
"Arrecadação","Tributos (Cloud)","Manutenção da divida",92
"Pessoal","Recursos Humanos (Cloud)","Outros",92
"Educação","Educação","Alunos",89
"Contratos","Contratos (Cloud)","Outros",88
"Educação","Educação","Outros",87
"Contratos","Frotas (Cloud)","Lançamentos de despesas",86
"Arrecadação","Tributos (Cloud)","Saldo(Compensação/Restituição)",82
"Contábil","Contabilidade (Cloud)","Escrituração de documentos",81
"Contábil","Contabilidade (Cloud)","Nova rotina",80
"Arrecadação","Tributos (Cloud)","Parcelamento de Créditos",79
"Contratos","Compras (Cloud)","Processo Administrativo de Compras e Licitações",78
"Contratos","Compras (Cloud)","Fornecedores",78
"Arrecadação","Tributos (Cloud)","Contribuintes",77
"Atendimento","Transparência (Cloud)","Consultas padrões",76
"Contratos","Contratos (Cloud)","Itens da Contratação",75
"Contábil","Planejamento (Cloud)","Outros",75
"Arrecadação","Tributos (Cloud)","Unificação de cadastros",74
"Arrecadação","Tributos (Cloud)","Cálculo",73
"Contratos","Compras (Cloud)","Cotação de preço",72
"Pessoal","Folha (Cloud)","Integração com o eSocial",72
"Pessoal","Folha (Cloud)","Nova rotina",71
"ISS","Livro Eletrônico","Outros",71
"Pessoal","Folha (Cloud)","Afastamentos",70
"ISS","e-Nota Fly","Outros",69
"Contratos","Compras (Cloud)","Solicitação de Compra",67
"Contratos","Patrimônio (Cloud)","Outros",66
"Arrecadação","Tributos (Cloud)","Nova rotina",65
"Arrecadação","Tributos (Cloud)","Gerenciador de econômicos",65
"Contratos","Frotas (Cloud)","Outros",65
"Contratos","Contratos (Cloud)","Não se aplica",64
"Contratos","Compras (Cloud)","Característica geral",64
"Arrecadação","Tributos (Cloud)","Integração Contábil",64
"Pessoal","Folha (Cloud)","Gerenciador de Scripts",64
"Pessoal","Folha (Cloud)","Integração com o Transparência Cloud",64
"Contábil","Tesouraria (Cloud)","Conciliação bancária",63
"Arrecadação","Procuradoria (Cloud)","Outros",63
"Contratos","Compras (Cloud)","Itens do Processo Administrativo",62
"Arrecadação","Tributos (Cloud)","Fórmulas",62
"Contratos","Contratos (Cloud)","Alterações Contratuais",62
"Pessoal","Folha (Cloud)","Gestão de pagamentos",60
"Pessoal","Folha (Cloud)","Cálculo da folha",60
"Contábil","Contabilidade (Cloud)","eSocial - EFD-Reinf",60
"Pessoal","Folha (Cloud)","Cadastro de Pessoas",59
"Plataforma","Documentos","Geral",58
"Contábil","Tesouraria (Cloud)","Outros",58
"Contábil","Contabilidade (Cloud)","Interação com Compras",56
"Arrecadação","Tributos (Cloud)","Baixa/Estorno automático",55
"ISS","Livro Eletrônico (Cloud)","Nova rotina",54
"Arrecadação","Tributos (Cloud)","Manutenção de pagamentos",54
"Atendimento","Protocolo (Cloud)","Abertura de processos",54
"Contratos","Almoxarifado","Outros",54
"Arrecadação","Fatura","Outros",53
"Contratos","Compras (Cloud)","Materiais e serviços",52
"Pessoal","Folha (Cloud)","Integração com o Contábil",52
"Saúde","Saúde (Cloud)","Relatórios",52
"Educação","Educação","Lista de espera",51
"Contratos","Compras (Cloud)","Interações com o Transparência",51
"Plataforma","Documentos","Nova rotina",51
"Pessoal","Folha (Cloud)","Cadastro de Eventos",50
"Pessoal","Folha (Cloud)","Cálculo de férias",50
"Plataforma","Studio Extensões","Nova rotina",50
"Educação","Educação","Matrículas",49
"Arrecadação","Tributos (Cloud)","Emissão de Documentos",48
"Educação","Professores","Lançamento de desempenho",48
"Contratos","Compras (Cloud)","Ata de Registro de Preço",48
"Arrecadação","Tributos (Cloud)","Receitas Diversas",47
"Contratos","Contratos (Cloud)","Relatórios",47
"Contratos","Contratos (Cloud)","Acesso ao sistema",47
"Arrecadação","Tributos (Cloud)","Solicitação de transferência de imóveis",47
"Atendimento","Minha Cidade","Outros",47
"Arrecadação","Tributos (Cloud)","Guias",46
"Educação","Educação","Turmas",46
"Contratos","Compras (Cloud)","Propostas de Preços",46
"Contratos","Almoxarifado","Saída de materiais",46
"Contábil","Contabilidade (Cloud)","Interação com o Transparência Cloud",46
"ISS","e-Nota (Cloud)","Outros",46
"Contábil","Contabilidade (Cloud)","Fonte de dados contábil",44
"Contábil","Contabilidade (Cloud)","Cadastro de despesas extras",43
"ISS","e-Nota Fly","Configuração Nota Nacional",43
"Contábil","Contabilidade (Cloud)","Cadastro de liquidação de empenho",42
"Contratos","Patrimônio (Cloud)","Registro de bens",42
"Contratos","Obras","Obras",42
"Arrecadação","Procuradoria (Cloud)","CDA - Certidão de Divida Ativa",42
"Pessoal","Folha (Cloud)","Períodos aquisitivos",42
"Pessoal","Folha (Cloud)","APIs Integrações",42
"Atendimento","Cidadão Web 4 (Fly)","Outros",42
"Atendimento","Protocolo (Cloud)","Outros",42
"Contratos","Contratos (Cloud)","Característica geral",41
"Arrecadação","Tributos (Cloud)","Projetos de Obras",41
"Arrecadação","Tributos (Cloud)","Inscrição em divida",41
"Arrecadação","Procuradoria (Cloud)","Consulta de Dívida Ativa",41
"Arrecadação","Procuradoria (Cloud)","Protesto de Dívida Ativa",41
"Contábil","Contabilidade (Cloud)","Nota de Despesa Extra",41
"ISS","e-Nota (Cloud)","Emissão da nota fiscal",40
"ISS","Livro Eletrônico (Cloud)","Declaração de Documentos Fiscais",40
"Pessoal","Minha Folha","Solicitações",40
"Contratos","Patrimônio (Cloud)","Interação com a Contabilidade",40
"Contratos","Almoxarifado","Entrada de materiais",40
"Contratos","Compras (Cloud)","Abertura de exercício",40
"Educação","Educação","Funcionários",39
"Contratos","Contratos (Cloud)","Itens do Aditivo",39
"Arrecadação","Procuradoria (Cloud)","Nova rotina",39
"Pessoal","Folha (Cloud)","Relatórios",39
"Contratos","Compras (Cloud)","Lances do Pregão Presencial",39
"Contábil","Contabilidade (Cloud)","Interação com Tributos",39
"Arrecadação","Tributos (Cloud)","Gerador de relatórios",39
"Arrecadação","Tributos (Cloud)","Integração e-Sfinge",38
"Contratos","Contratos (Cloud)","Recebimentos",37
"Arrecadação","Tributos (Cloud)","Gerenciador de Script",37
"Arrecadação","Tributos (Cloud)","Econômico",37
"Educação","Educação","Histórico escolar do aluno",36
"Educação","Educação","Frequências",35
"Arrecadação","Tributos (Cloud)","Service layer",35
"Contratos","Compras (Cloud)","Service layer",35
"Pessoal","Folha (Cloud)","Cálculo da rescisão",35
"Saúde","Saúde (Cloud)","Dispensa de Produtos",35
"Arrecadação","Tributos (Cloud)","Característica geral",35
"Pessoal","Recursos Humanos (Cloud)","Nova rotina",35
"Contratos","Monitor DF-e","NFS-e recebidas",35
"Atendimento","Transparência (Cloud)","Outros",35
"Contábil","Contabilidade (Cloud)","Característica geral",34
"Contábil","Contabilidade (Cloud)","Adiantamentos",34
"Arrecadação","Procuradoria (Cloud)","Assinador de Documentos",34
"Atendimento","Documentos","Geral",34
"Contábil","Contabilidade (Cloud)","Cadastro de credores",33
"ISS","e-Nota Fly","Integração com a nota nacional",33
"Contratos","Compras (Cloud)","Despesas",32
"Pessoal","Folha (Cloud)","Controle de histórico das matrículas",32
"Pessoal","Folha (Cloud)","Seleção avançada",32
"Contratos","Compras (Cloud)","Forma de Contratação do Processo",32
"Pessoal","Recursos Humanos (Cloud)","Concursos",32
"Contratos","Patrimônio (Cloud)","Transferências",32
"Contratos","Compras (Cloud)","Atos finais",32
"Pessoal","Folha (Cloud)","Fórmula de cálculo do evento",32
"Arrecadação","Tributos (Cloud)","Notificação de Dívidas",32
"Arrecadação","Tributos (Cloud)","APIs Integrações",32
"Educação","Educação","Nova rotina",31
"Contratos","Patrimônio (Cloud)","Relatórios",31
"Pessoal","Folha (Cloud)","Consulta do cálculo",31
"Contratos","Compras (Cloud)","Sessão de Julgamento",31
"Contábil","Contabilidade (Cloud)","Service Layer (Contábil)",31
"Atendimento","Protocolo (Cloud)","Transferência de imóveis",31
"ISS","e-Nota Fly","Emissão de DPS",31
"Pessoal","Folha","Outros",31
"Pessoal","Folha (Cloud)","Não se aplica",30
"Contábil","Tesouraria (Cloud)","Gestão bancária",30
"Educação","Educação","Desempenhos escolares",30
"Contratos","Compras (Cloud)","Scripts",30
"Pessoal","Folha (Cloud)","Reajustes salariais",30
"Arrecadação","Tributos (Cloud)","Integração com Cidadão Web",30
"Contratos","Contratos (Cloud)","Interações com o Transparência",30
"Contábil","Contabilidade (Cloud)","SIOPE",30
"Arrecadação","Tributos (Cloud)","Endereço",30
"Contratos","Contratos (Cloud)","Críticas",30
"Atendimento","Protocolo (Cloud)","Nova rotina",30
"Contratos","Patrimônio (Cloud)","Controle de Bens",29
"Arrecadação","Procuradoria (Cloud)","Cadastro de Processos",29
"Arrecadação","Tributos (Cloud)","Alvarás",29
"Contábil","Contabilidade (Cloud)","Cadastro de Alteração Orçamentária da Despesa",29
"Pessoal","Folha (Cloud)","Integração com o Minha Folha",29
"Plataforma","Studio Extensões","Outros",29
"Contratos","Compras (Cloud)","Atender Solicitação de Compra",28
"Plataforma","Conecta","Geral",28
"Atendimento","Protocolo (Cloud)","Andamento de processos",28
"Contratos","Obras","Outros",28
"Educação","Educação","Geração do quadro de horários",27
"Arrecadação","Tributos (Cloud)","Logradouro",27
"Educação","Educação","Acesso ao sistema e permissões",27
"Atendimento","Protocolo (Cloud)","Pareceres",27
"Pessoal","Ponto (Cloud)","Outros",27
"Contábil","Contabilidade (Cloud)","Gerenciador de Scripts",26
"Arrecadação","Tributos (Cloud)","Guia Unificada",26
"Atendimento","Protocolo (Cloud)","Consulta geral do sistema",26
"Plataforma","Conecta","Nova rotina",26
"Atendimento","Cidadão Web 4 (Fly)","Emissão de Guias de Pagamento",26
"Contratos","Contratos (Cloud)","Itens da Solicitação de Fornecimento",25
"Contábil","Contabilidade (Cloud)","Arrecadação Orçamentária",25
"Pessoal","Folha (Cloud)","Serviço de Migração",25
"Atendimento","Protocolo (Cloud)","Característica geral",25
"ISS","Gestão Fiscal","Outros",25
"Pessoal","Ferramentas","Outros",25
"Pessoal","Pontual (Cloud)","Outros",25
"Educação","Biblioteca (Cloud)","Outros",25
"Educação","Educação","Relatórios",24
"Contratos","Compras (Cloud)","Gerar Contratação",24
"Contratos","Compras (Cloud)","Formas de julgamento",24
"Pessoal","Folha (Cloud)","Lançamento de variáveis de cálculo",24
"Pessoal","Folha (Cloud)","Cadastro de Cargos",24
"Contábil","Contabilidade (Cloud)","Geração arquivos TCE-PR (SIM-AM)",24
"Contratos","Contratos (Cloud)","Tipos de aditivo",24
"Contábil","Transparência (Cloud)","Outros",24
"Educação","Professores","Instrumentos de avaliações",23
"Contábil","Contabilidade (Cloud)","Cadastro de Contas Bancárias",23
"Contratos","Contratos (Cloud)","Fontes de dados",23
"Contratos","Almoxarifado","Requisição de materiais",23
"Educação","Educação","Abonos e justificativas",23
"Contratos","Compras (Cloud)","Interação com o Portal Nacional de Contratações Públicas",23
"Pessoal","eSocial","Outros",23
"Educação","Educação","Matrícula de alunos",22
"Arrecadação","Tributos (Cloud)","Fórmulas de acréscimos",22
"Contábil","Contabilidade (Cloud)","Interação com Portal da Transparência",22
"Educação","Professores","Acesso ao sistema",22
"Arrecadação","Tributos (Cloud)","Extrato do Contribuinte",22
"Contratos","Contratos (Cloud)","Nova rotina",22
"Contábil","Planejamento (Cloud)","Nova rotina",22
"Contábil","Contabilidade (Cloud)","Cadastro de Comprovantes",22
"Pessoal","Folha (Cloud)","Função para fórmula de cálculo",22
"Pessoal","Minha Folha","Outros",22
"Contábil","Contabilidade / SAPO","Outros",22
"Arrecadação","Tributos (Cloud)","Notas avulsas",21
"Contábil","Contabilidade (Cloud)","Bloqueio/Desbloqueio",21
"ISS","Livro Eletrônico (Cloud)","Emitir Nota Fiscal Avulsa",21
"Contábil","Contabilidade (Cloud)","Anexos da Lei 4.320",21
"Contratos","Contratos (Cloud)","Resumo Financeiro da contratação",21
"Contratos","Compras (Cloud)","Nova rotina",21
"Pessoal","Folha (Cloud)","Cálculo da folha mensal",21
"Pessoal","Ponto (Cloud)","Ocorrências de ponto",21
"Pessoal","Pontual (Cloud)","Configurações Gerais do Pontual",21
"ISS","e-Nota Fly","Emissão da nota fiscal",21
"Atendimento","Documentos","Acompanhar assinaturas",21
"Saúde","Saúde Domiciliar (Mobile)","Outros",21
"Contratos","Monitor DF-e","Outros",21
"Contábil","Convênios","Outros",21
"Educação","Educação","Encerramentos",20
"Contratos","Compras (Cloud)","Relatórios Cloud",20
"Arrecadação","Tributos (Cloud)","Condição de parcelamento",20
"Contratos","Compras (Cloud)","Fonte de dados",20
"Contábil","Convênios","Convênios Repassados",20
"Contratos","Almoxarifado","Relatórios",20
"Arrecadação","Tributos (Cloud)","Gerenciar Permissões",20
"Pessoal","Folha (Cloud)","Cadastro de Níveis Salariais",20
"Contratos","Patrimônio (Cloud)","Acesso ao sistema",20
"Contábil","Contabilidade (Cloud)","Encerramento do Período Contábil",20
"Educação","Merenda Escolar","Outros",20
"Educação","Professores","Conteúdo ministrado",19
"Contratos","Frotas (Cloud)","Não existe",19
"Contábil","Contabilidade (Cloud)","Balancete dinâmico",19
"Contratos","Compras (Cloud)","Interações com o Contábil",19
"Contábil","Contabilidade (Cloud)","Cadastro de diárias",19
"Arrecadação","Tributos (Cloud)","Atividades Econômicas",19
"Contábil","Contabilidade (Cloud)","Diária",19
"Contratos","Compras (Cloud)","Anexar arquivos no Processo Administrativo",19
"Atendimento","Transparência (Cloud)","Nova rotina",19
"Arrecadação","Tributos (Cloud)","Configurações do imóvel",19
"Pessoal","Pontual (Cloud)","Geral",19
"Pessoal","Recursos Humanos (Cloud)","Períodos Aquisitivos de Licença",19
"Atendimento","Protocolo (Cloud)","Acompanhamento de processos",19
"Pessoal","Ponto (Cloud)","Apuração de Marcações",19
"Arrecadação","Procuradoria","Outros",19
"ISS","e-Nota (Cloud)","Guia de pagamento",18
"Pessoal","Minha Folha","Não se aplica",18
"Contratos","Compras (Cloud)","Textos do Processo Administrativo",18
"Educação","Educação","Remanejamento interno",18
"Arrecadação","Tributos (Cloud)","Prorrogação/Antecipação de vencimentos",18
"Atendimento","Minha Cidade","Nova rotina",18
"Saúde","Saúde (Cloud)","Agenda",18
"Pessoal","Minha Folha","Recibo de pagamento",18
"Saúde","Saúde (Cloud)","Entrada de Produtos",18
"Contratos","Frotas (Cloud)","Motoristas",18
"Arrecadação","Tributos (Cloud)","Configuração de Transferência de Imóvel",18
"Contábil","Contabilidade (Cloud)","Permissões",18
"Contábil","Planejamento (Cloud)","Emissor de relatório",18
"Atendimento","Transparência (Cloud)","Filtros de consultas",18
"Contábil","Contabilidade (Cloud)","Recursos",18
"Pessoal","Ponto (Cloud)","Gestão de Marcações",18
"Pessoal","Folha (Cloud)","Configuração de férias",18
"Pessoal","Recursos Humanos (Cloud)","Avaliação de Desempenho",18
"Saúde","Saúde (Cloud)","Diversos",18
"Educação","Professores","Outros",18
"ISS","e-Nota (Cloud)","Relatório de Notas Fiscais do Fiscal",17
"Arrecadação","Tributos (Cloud)","Notificação de dívidas",17
"Contratos","Contratos (Cloud)","Textos referentes ao Contrato",17
"Arrecadação","Procuradoria (Cloud)","Movimentação de Processos",17
"Contratos","Compras (Cloud)","Itens da Solicitação de Compra",17
"Contratos","Frotas (Cloud)","Abastecimentos",17
"ISS","Gestão Fiscal","Ação Fiscal",17
"Contratos","Contratos (Cloud)","Responsáveis pelas Contratações",17
"Arrecadação","Tributos (Cloud)","Acesso ao Sistema",17
"Contratos","Frotas (Cloud)","Veículos e equipamentos",17
"Arrecadação","Tributos (Cloud)","Alvará de obras",17
"Atendimento","Transparência (Cloud)","Modelos de dados",17
"Contratos","Patrimônio (Cloud)","Fontes de dados",17
"Contábil","Contabilidade (Cloud)","Assinaturas",17
"Atendimento","Documentos","Nova rotina",17
"Educação","Educação","Calendário escolar do estabelecimento de ensino",17
"Saúde","Saúde (Cloud)","Gestão de Transportes",17
"Pessoal","Recursos Humanos (Cloud)","Atestados Médicos",17
"Pessoal","Folha (Cloud)","Programação de férias",17
"ISS","e-Nota (Cloud)","Emissão de DPS",17
"Contratos","Compras","Outros",17
"Pessoal","Recursos Humanos","Outros",17
"Arrecadação","Tributos (Cloud)","Convênios",16
"Educação","Educação","Calendário escolar da Secretaria de Educação",16
"Educação","Educação","Inscrição para matrícula",16
"Arrecadação","Tributos (Cloud)","Cancelamento de parcelamentos",16
"Arrecadação","Procuradoria (Cloud)","Cancelamento de Documentos",16
"Arrecadação","Procuradoria (Cloud)","Petição Intermediária",16
"Pessoal","Folha (Cloud)","Geração do arquivo da SEFIP/GFIP",16
"Pessoal","Minha Folha","Nova rotina",16
"Contratos","Frotas (Cloud)","Ordens de abastecimentos e serviços",16
"Arrecadação","Tributos (Cloud)","Baixa/Estorno manual",16
"Atendimento","Transparência (Cloud)","Acessibilidade",16
"Educação","Educação","Scripts",16
"Arrecadação","Tributos (Cloud)","Unificação de contribuintes",16
"Contratos","Patrimônio (Cloud)","Transferências de Bens",16
"Pessoal","Folha (Cloud)","Relatório de Encargos eSocial",16
"Arrecadação","Tributos (Cloud)","Lançamentos",16
"Atendimento","Protocolo (Cloud)","Documentos",16
"Arrecadação","Procuradoria (Cloud)","APIs Integrações",16
"Contábil","Transparência (Cloud)","Consultas padrões",16
"ISS","Livro Eletrônico (Cloud)","Outros",16
"Contratos","Patrimônio (Cloud)","Interação com o Portal da Transparência",15
"Contábil","Contabilidade (Cloud)","Cadastro de empenhos",15
"Contábil","Contabilidade (Cloud)","Atos",15
"Pessoal","Minha Folha","Marcações de Ponto",15
"Saúde","Saúde (Cloud)","Gerenciar (Regulação)",15
"Atendimento","Protocolo (Cloud)","Assunto",15
"Contratos","Compras (Cloud)","Agenda de licitação",15
"Saúde","Saúde (Cloud)","Registro Eletrônico de Saúde (RES)",15
"Contratos","Compras (Cloud)","Críticas",15
"Educação","Biblioteca (Cloud)","Processo de empréstimo",15
"Atendimento","Transparência (Cloud)","Relacionamento de anexos",15
"Contratos","Frotas (Cloud)","Relatórios",15
"Atendimento","Transparência (Cloud)","Característica geral",15
"Contratos","Almoxarifado","Transferência de materiais",15
"Contábil","Contabilidade (Cloud)","Retenções",15
"Contábil","Tesouraria (Cloud)","Acesso ao sistema",15
"Pessoal","Folha (Cloud)","Campos Adicionais",15
"Pessoal","Folha (Cloud)","Permissionamento",15
"Contábil","Tesouraria (Cloud)","Nova rotina",15
"Pessoal","Folha (Cloud)","Geração arquivos TCE-SC (e-Sfinge)",15
"Contratos","Patrimônio (Cloud)","Reavaliação de Bens",15
"Plataforma","Studio Aplicações","Geral",15
"Atendimento","Cidadão Web 4 (Fly)","Dados de Guias",15
"Arrecadação","Tributos (Cloud)","Divida Ativa",15
"Atendimento","Documentos","Fluxo de trabalho",15
"Educação","Transporte Escolar","Outros",15
"ISS","e-Nota (Cloud)","Solicitação de acesso ao sistema",14
"ISS","e-Nota (Cloud)","Envio de lote de RPS via WebService (Layout Betha)",14
"Educação","Merenda Escolar","Cardápio escolar",14
"Contratos","Obras","Medição",14
"Educação","Educação","Matriz curricular",14
"Pessoal","Folha (Cloud)","Configuração de médias e vantagens",14
"Contratos","Almoxarifado","Inventário do almoxarifado",14
"Contratos","Patrimônio (Cloud)","Tombamento",14
"Contratos","Almoxarifado","Materiais e serviços",14
"Contábil","Contabilidade (Cloud)","Anexos da Lei de Responsabilidade Fiscal - LRF",14
"Educação","Professores","Acompanhamento pedagógico",14
"Contratos","Patrimônio (Cloud)","Característica geral",14
"Atendimento","Conecta","Geral",14
"Educação","Educação","Dispensas",14
"Pessoal","Folha (Cloud)","Parâmetros Gerais",14
"Contábil","Contabilidade (Cloud)","Geração arquivos TCE-SC (e-Sfinge)",14
"Arrecadação","Tributos (Cloud)","Funções de cálculos para lançamentos",14
"Contratos","Contratos (Cloud)","Despesas",14
"Contábil","Contabilidade (Cloud)","Prestação de contas de consórcios",14
"Contratos","Patrimônio (Cloud)","Service Layer",14
"Saúde","Saúde (Cloud)","Laboratorial (LIS)",14
"Pessoal","Recursos Humanos (Cloud)","APIs Integrações",14
"Atendimento","Minha Cidade","Estrutura de relatórios",13
"Contratos","Compras (Cloud)","Configurações gerais",13
"Contratos","Contratos (Cloud)","Interação com o Almoxarifado",13
"Arrecadação","Procuradoria (Cloud)","Fonte de Dados",13
"Contábil","Tesouraria (Cloud)","Relatórios gerenciais - pagamentos",13
"Contratos","Contratos (Cloud)","Despesas das Contratações",13
"Contratos","Contratos (Cloud)","Despesas da Solicitação de Fornecimento",13
"Contratos","Patrimônio (Cloud)","Localização física/coordenadas do bem",13
"Educação","Pais e Alunos","Desempenhos escolares",13
"Arrecadação","Procuradoria (Cloud)","Petição Inicial",13
"Contratos","Monitor DF-e","NF-e recebidas",13
"Contratos","Contratos (Cloud)","Service layer",13
"Contratos","Compras (Cloud)","Relatórios - ajuste",13
"Saúde","Saúde (Cloud)","Cadastro",13
"Contratos","Patrimônio (Cloud)","Métodos de depreciação",13
"Contratos","Compras (Cloud)","Geração arquivos TCE-PR (SIM-AM)",13
"Contratos","Almoxarifado","Acesso aos almoxarifados",13
"Educação","Educação","Cadastro de pessoas",13
"Educação","Biblioteca (Cloud)","Materiais do acervo",13
"Educação","Professores (App)","Frequência escolar",13
"Contratos","Patrimônio (Cloud)","Baixa de Bens",13
"Pessoal","Pontual (Cloud)","Nova rotina",13
"Pessoal","Recursos Humanos (Cloud)","Despesas de Planos de Saúde",13
"Educação","Professores","Nova rotina",13
"Contábil","Contabilidade (Cloud)","Relação de Comprovantes do EFD-Reinf",13
"Pessoal","Pontual (Cloud)","Reconhecimento facial",13
"Parceiros","Sist Social","Permitir",13
"Plataforma","Ferramenta de Relatórios","Outros",13
"Educação","Educação","Não se aplica",12
"Educação","Educação","Planejamento de aula e conteúdo ministrado",12
"Contratos","Compras (Cloud)","Não se aplica",12
"Contábil","Convênios","Prestação de Contas de Convênios Repassados",12
"Contratos","Obras","Interação com o Portal da Transparência",12
"Arrecadação","Tributos (Cloud)","Notificação de débitos",12
"Pessoal","Recursos Humanos (Cloud)","Cadastro de Empréstimos",12
"Arrecadação","Tributos (Cloud)","Envio SisObra",12
"Arrecadação","Tributos (Cloud)","Averbações",12
"Contratos","Frotas (Cloud)","Nova rotina",12
"Atendimento","Transparência (Cloud)","Consultas personalizadas",12
"Educação","Educação","Movimentações de matrícula",12
"Educação","Educação","Estabelecimentos de ensino",12
"Arrecadação","Procuradoria (Cloud)","Documentos Emitidos",12
"Pessoal","Pontual (Cloud)","Gerenciador de acessos",12
"Pessoal","Recursos Humanos (Cloud)","Gestão de Recrutamento e Seleção",12
"Pessoal","eSocial","Domínios integrados",12
"Pessoal","Recursos Humanos (Cloud)","Períodos Aquisitivos de Adicionais",12
"ISS","e-Nota Fly","Nova rotina",12
"Arrecadação","Procuradoria (Cloud)","Integração com Sistemas de Terceiros",12
"ISS","e-Nota (Cloud)","Nova rotina",12
"ISS","e-Nota (Cloud)","Característica geral",12
"Educação","Pais e Alunos","Outros",12
"ISS","e-Nota (Cloud)","Relatório de Notas Fiscais do Contribuinte",11
"ISS","e-Nota (Cloud)","Cadastro de faturamento bruto",11
"ISS","Livro Eletrônico (Cloud)","Solicitando Acesso ao Sistema",11
"ISS","e-Nota (Cloud)","Cadastro de contribuintes",11
"Educação","Educação","Acompanhamentos pedagógicos",11
"Contratos","Almoxarifado","Não existe",11
"Contábil","Contabilidade (Cloud)","Empenho",11
"Educação","Professores","Quadro de horários",11
"Arrecadação","Tributos (Cloud)","Campos Adicionais",11
"Arrecadação","Procuradoria (Cloud)","Integração Eletrônica com Tribunal de Justiça Estadual.",11
"Contábil","Contabilidade (Cloud)","Devolução de receita",11
"Contratos","Compras (Cloud)","Auditoria",11
"Contratos","Compras (Cloud)","APIs Integrações",11
"Pessoal","Ponto (Cloud)","Relatórios",11
"Contratos","Patrimônio (Cloud)","Depreciação/Exaustão/Amortização de Bens",11
"Pessoal","Recursos Humanos (Cloud)","Matrículas Funcionais",11
"Contratos","Contratos (Cloud)","Scripts",11
"Atendimento","Transparência (Cloud)","Atendimento do acesso à informação",11
"Arrecadação","Tributos (Cloud)","Engenheiros/Arquitetos",11
"Contratos","Compras (Cloud)","e-Sfinge",11
"Arrecadação","Tributos (Cloud)","Benefícios Fiscais",11
"Pessoal","Minha Folha","Validação de usuário",11
"Educação","Educação","Enturmação de profissionais",11
"Pessoal","Folha (Cloud)","Organogramas",11
"Arrecadação","Tributos (Cloud)","Integração SIM-AM",11
"Saúde","Saúde (Cloud)","Requisição de Produtos",11
"Pessoal","Pontual (Cloud)","Matrículas",11
"Plataforma","Admin","Característica geral",11
"Pessoal","eSocial","Não se Aplica (eSocial)",11
"ISS","Gestão Fiscal","Nova rotina",11
"Contábil","Tesouraria (Cloud)","Configurações de remessas bancárias",11
"Plataforma","Studio Extensões","Geral",11
"Pessoal","Pontual (Cloud)","Solicitações",11
"Pessoal","Ponto (Cloud)","Nova rotina",11
"Contratos","Contratos (Cloud)","APIs Integrações",11
"Arrecadação","Tributos (Cloud)","APIs Integrações Tributos",11
"Contratos","Compras (Cloud)","Documento formalização de demanda (DFD)",11
"Atendimento","Conecta","Gerencimento de Tarefas",11
"Educação","Educação","Filiações",10
"Arrecadação","Tributos (Cloud)","Planta de valores",10
"Arrecadação","Tributos (Cloud)","Cobrança Registrada",10
"Arrecadação","Tributos (Cloud)","Créditos Tributários",10
"Atendimento","Cidadão Web 4 (Fly)","Nova rotina",10
"Arrecadação","Tributos (Cloud)","Interações entre Tributos Cloud e Sistema terceiro",10
"Educação","Educação","Competências, conhecimentos, habilidades e atitudes",10
"Contábil","Contabilidade (Cloud)","Artefatos estaduais",10
"Pessoal","Folha (Cloud)","Auditoria",10
"Arrecadação","Procuradoria (Cloud)","Agenda",10
"Arrecadação","Tributos (Cloud)","Scripts específicos",10
"Contratos","Compras (Cloud)","Despesas Orçamentárias da Solicitação de Compra",10
"Plataforma","Ferramenta de Scripts","Característica geral",10
"Contábil","Contabilidade (Cloud)","Cadastro de pagamento de empenho",10
"Contratos","Contratos (Cloud)","Fornecedores",10
"Contratos","Frotas (Cloud)","Viagens",10
"Contratos","Frotas (Cloud)","Reserva de Veículos",10
"ISS","e-Nota (Cloud)","Exportação de notas fiscais",10
"Contratos","Compras (Cloud)","Publicações",10
"Contratos","Compras (Cloud)","Itens da Cotação de Preços",10
"Contratos","Almoxarifado","Nova rotina",10
"Contratos","Contratos (Cloud)","Anulação da Solicitação de Fornecimento",10
"Contábil","Contabilidade (Cloud)","Cadastro de Dívida",10
"Saúde","Saúde (Cloud)","Viagens",10
"Pessoal","eSocial","Eventos gerados",10
"Educação","Transporte Escolar","Usuários do transporte escolar",10
"Atendimento","Protocolo (Cloud)","Service Layer",10
"Pessoal","Minha Folha","Característica geral",10
"Atendimento","Cidadão Web 4 (Fly)","Cobrança via PIX",10
"Pessoal","Recursos Humanos (Cloud)","Cadastro de ASO",10
"Pessoal","Folha (Cloud)","Prorrogação de Contratos Temporários",10
"Pessoal","Recursos Humanos (Cloud)","Configuração da Licença Prêmio",10
"Contratos","Compras","Cadastro de Fornecedores",10
"Atendimento","Cidadão Web 4 (Fly)","Característica geral",10
"Contratos","Compras (Cloud)","Integração Portal de Compras Públicas",10
"Arrecadação","Tributos (Cloud)","Cadastros Gerais",10
"ISS","e-Nota Fly","Cadastro da lista de serviços",10
"Pessoal","Folha (Cloud)","Evento",9
"Educação","Educação","Acesso ao Sistema",9
"Contratos","Compras (Cloud)","Despesas Orçamentárias do Processo Administrativo",9
"Pessoal","Folha (Cloud)","Féria",9
"Contratos","Compras (Cloud)","Consumidor de Dados",9
"Contratos","Compras (Cloud)","Campos Adicionais",9
"Contábil","Tesouraria (Cloud)","Transferências bancárias",9
"Contábil","Contabilidade (Cloud)","Dados adicionais",9
"Contratos","Almoxarifado","Posição de estoque",9
"Arrecadação","Tributos (Cloud)","Estorno de inscrição",9
"Contábil","Tesouraria (Cloud)","Leitura do arquivo de retorno de ordem bancária",9
"Contratos","Patrimônio (Cloud)","Responsáveis",9
"Contratos","Compras (Cloud)","Gerenciador de acessos",9
"Contratos","Compras (Cloud)","Participantes do processo de licitação",9
"Contratos","Frotas (Cloud)","Característica geral",9
"Arrecadação","Tributos (Cloud)","Certidões Negativas de Débitos Contribuinte e Referentes",9
"Pessoal","Folha (Cloud)","Geração dos arquivos de TCE",9
"Arrecadação","Procuradoria (Cloud)","Consulta de Processos",9
"Contratos","Frotas (Cloud)","Controle de viagens",9
"Arrecadação","Procuradoria (Cloud)","Configuração da Integração com Protestos",9
"Educação","Educação","Rematrículas",9
"Contratos","Patrimônio (Cloud)","Estrutura organizacional",9
"Atendimento","Protocolo (Cloud)","Assinador de Documentos",9
"Educação","Educação","Diversos",9
"ISS","Livro Eletrônico","Configuração da Guia de Pagamento",9
"Plataforma","Admin","Nova rotina",9
"ISS","Livro Eletrônico","Característica geral",9
"Pessoal","Folha (Cloud)","Relatório de Recibo de Pagamento",9
"Pessoal","Minha Folha","Ambientes",9
"Pessoal","eSocial","Relatório de retorno de erros enviados",9
"Arrecadação","Tributos (Cloud)","Integração com Transparência Cloud",9
"ISS","Livro Eletrônico","Dados da Declaração",9
"Pessoal","Folha (Cloud)","Relatório de Período Aquisitivo de Férias",9
"ISS","Livro Eletrônico","Cadastro do Plano de Contas",9
"ISS","Livro Eletrônico","Declarar Serviço Prestado",9
"Pessoal","Gerador de Relatórios","Outros",9
"Pessoal","Ponto","Outros",9
"Atendimento","Protocolo Fly","Outros",9
"Educação","Professores","Frequência Escolar",8
"Educação","Pais e Alunos","Não se aplica",8
"Educação","Professores","Cadastro de instrumentos de avaliação",8
"Arrecadação","Tributos (Cloud)","Cálculo (Fórmulas)",8
"Arrecadação","Tributos (Cloud)","Geoprocessamento",8
"Arrecadação","Procuradoria (Cloud)","Gestão de Dívida Ativa",8
"Contratos","Contratos (Cloud)","Campos adicionais",8
"Contábil","Contabilidade (Cloud)","Cadastro de validações",8
"Educação","Educação","Inscrição online",8
"Arrecadação","Tributos (Cloud)","Entrega de documentos",8
"Arrecadação","Procuradoria (Cloud)","Contribuintes",8
"Pessoal","Folha (Cloud)","Cadastro de Atos",8
"Contratos","Almoxarifado","Controle de saldo",8
"Contratos","Compras (Cloud)","Pesquisa de preços",8
"Contratos","Compras (Cloud)","Ocorrências da ata de registro de preço",8
"Atendimento","Cidadão Web 4 (Fly)","Configuração de Certidão Negativa de Débitos de Contribuinte",8
"Contratos","Contratos (Cloud)","Itens do Apostilamento",8
"Arrecadação","Tributos (Cloud)","Importação de Arquivos do Simples Nacional",8
"Contratos","Compras (Cloud)","Cadastro único",8
"Contratos","Compras (Cloud)","Estrutura organizacional",8
"Contratos","Compras (Cloud)","Responsáveis",8
"Contratos","Compras (Cloud)","SIM-AM",8
"Arrecadação","Tributos (Cloud)","Cupons de descontos",8
"Arrecadação","Tributos (Cloud)","Remembramento",8
"Educação","Professores","Alocação de aulas",8
"Contábil","Tesouraria (Cloud)","Relatórios gerenciais - conciliação bancária",8
"Saúde","Saúde (Cloud)","Gestão de Acesso ao Sistema",8
"Contábil","Contabilidade (Cloud)","SIOPS",8
"Contábil","Contabilidade (Cloud)","Anulação de Empenho",8
"Atendimento","Transparência (Cloud)","Exportação de consultas",8
"Atendimento","Protocolo (Cloud)","Licença ITBI",8
"Pessoal","Ponto (Cloud)","Compensação de Horas",8
"ISS","Livro Eletrônico (Cloud)","Característica geral",8
"Pessoal","Pontual (Cloud)","Configuração de Biometria",8
"Contratos","Compras (Cloud)","Modalidades de licitação",8
"Contratos","Patrimônio (Cloud)","Movimentação dos Bens Patrimoniais",8
"Pessoal","Recursos Humanos (Cloud)","Laudos PPRA - PCMSO - LTCAT",8
"Atendimento","Cidadão Web 4 (Fly)","Cadastro de Convênios",8
"Atendimento","Protocolo (Cloud)","Guias de pagamento",8
"Atendimento","Cidadão Web 4 (Fly)","Cobrança via cartão de crédito",8
"Atendimento","Protocolo (Cloud)","Notificações",8
"Pessoal","Recursos Humanos (Cloud)","Cadastro de Diárias",8
"Atendimento","Cidadão Web 4 (Fly)","Informações Cadastrais",8
"Pessoal","Recursos Humanos (Cloud)","Configuração de Vale Transporte",8
"Pessoal","Recursos Humanos (Cloud)","Fonte de dados",8
"Atendimento","Protocolo (Cloud)","Protocolos pendentes",8
"Pessoal","Recursos Humanos (Cloud)","Cadastro de Plano de Saúde",8
"Plataforma","Central do Usuário","Característica geral",8
"Pessoal","Folha (Cloud)","Comprovante de rendimentos",8
"Saúde","Saúde (Cloud)","Gestão do Estoque da Unidade de Saúde",8
"Atendimento","Transparência (Cloud)","Acesso à informação",8
"Saúde","Saúde (Cloud)","Ficha de Cadastro Domiciliar e Territorial",8
"Arrecadação","Tributos (Cloud)","Relatório Resumo das Dívidas",8
"Pessoal","Recursos Humanos (Cloud)","Configuração de Adicionais",8
"Arrecadação","Tributos (Cloud)","Auditoria",8
"Pessoal","Ponto (Cloud)","APIs Integrações",8
"Educação","Educação","APIs Integrações",8
"Contábil","Contabilidade (Cloud)","Anexos do RREO e RGF - LRF",8
"ISS","e-Nota (Cloud)","Gerenciador de relatórios",8
"Contábil","Contabilidade (Cloud)","Emendas",8
"Pessoal","ArqJob","Outros",8
"Atendimento","Portal do Gestor","Outros",8
"Plataforma","Admin","Outros",8
"Arrecadação","Fatura","Emissão de Faturas",7
"ISS","e-Nota (Cloud)","Mobile - Emissão da nota fiscal",7
"Atendimento","Minha Cidade","Emissão de certidões",7
"Contratos","Almoxarifado","Consumidor de Dados",7
"Educação","Merenda Escolar","Alunos",7
"Educação","Pais e Alunos","Nova rotina",7
"Arrecadação","Tributos (Cloud)","Tabelas de cálculo",7
"Saúde","Saúde (Cloud)","Não existe",7
"Contratos","Compras (Cloud)","Comissões de licitação",7
"Pessoal","Folha (Cloud)","Folha",7
"Educação","Professores","Aprovação do planejamento",7
"Pessoal","Folha (Cloud)","Relatórios Gerais",7
"Educação","Educação","Enturmação de alunos",7
"Educação","Professores","Característica geral",7
"Contratos","Compras (Cloud)","Contratações e compras diretas",7
"Atendimento","Portal do Gestor","PDG - Característica geral",7
"Pessoal","Folha (Cloud)","Cálculo de 13º Salário integral",7
"Arrecadação","Tributos (Cloud)","Migração de Dados",7
"Contábil","Contabilidade (Cloud)","Plano de Contas",7
"Contábil","Contabilidade (Cloud)","Cadastro de equivalências",7
"Arrecadação","Tributos (Cloud)","Script -  Portal Gestor",7
"Educação","Professores","Medições antropométricas",7
"Pessoal","eSocial","Envio de arquivos",7
"Atendimento","Portal do Gestor","Nova rotina",7
"Educação","Educação","Horas/aulas por dia",7
"Educação","Biblioteca (Cloud)","Acesso ao sistema",7
"Educação","Educação","Definição dos tipos de avaliações da turma",7
"Pessoal","Folha (Cloud)","Processo de reajustes salariais",7
"Educação","Biblioteca (Cloud)","Nova rotina",7
"Contábil","Contabilidade (Cloud)","Interação com Patrimônio",7
"Educação","Professores","Acesso de gestores",7
"Plataforma","Central do Usuário","Acesso ao Sistema",7
"Contábil","Tesouraria (Cloud)","Credores",7
"ISS","e-Nota Fly","Guia de pagamento",7
"Pessoal","Recursos Humanos (Cloud)","Acidente de Trabalho",7
"Arrecadação","Tributos (Cloud)","Importação INSCOBRA - Divida Ativa Simples Nacional",7
"Atendimento","Protocolo (Cloud)","Fonte de Dados",7
"Contábil","Contabilidade (Cloud)","Ferramenta de Auditoria",7
"Contratos","Compras (Cloud)","Documentos e Certificados",7
"Atendimento","Cidadão Web 4 (Fly)","Cobrança registrada",7
"Pessoal","Recursos Humanos (Cloud)","Característica geral",7
"Pessoal","Ferramentas","Nova rotina",7
"Pessoal","Pontual (Cloud)","Acessos pendentes",7
"Arrecadação","Procuradoria (Cloud)","Movimentações de Protesto de Dívida Ativa",7
"Pessoal","Folha (Cloud)","Bases de cálculo",7
"Contratos","Monitor DF-e","Característica geral",7
"Pessoal","Pontual (Cloud)","Cadastro de Relógios",7
"Contratos","Monitor DF-e","Nova rotina",7
"Atendimento","Protocolo (Cloud)","Confirmação de processos",7
"Pessoal","Recursos Humanos (Cloud)","Customização de Relatórios",7
"Contábil","Contabilidade (Cloud)","Nota de Empenho",7
"Arrecadação","Tributos (Cloud)","Baixa de Pagamentos",7
"ISS","Gestão Fiscal","Ordem de Serviço",7
"Arrecadação","Tributos (Cloud)","Transferência de dividas",7
"Arrecadação","Tributos (Cloud)","Englobamento",7
"Saúde","Saúde (Cloud)","Vigilância",7
"Contábil","Planejamento (Cloud)","APIs Integrações",7
"Arrecadação","Procuradoria (Cloud)","Honorários",7
"ISS","e-Nota (Cloud)","Envio de DPS por Web Service",7
"Plataforma","Studio Aplicações","Outros",7
"Arrecadação","Fatura","Exporta Arquivo para Coletor",6
"Arrecadação","Fatura","Lançamento de Leituras",6
"ISS","e-Nota (Cloud)","Resumo das notas fiscais emitidas",6
"ISS","e-Nota (Cloud)","Configurações gerais do sistema",6
"ISS","Livro Eletrônico","Módulo Fiscal >> Relatórios >> Maiores Contribuintes >> Prestadores",6
"ISS","Livro Eletrônico (Cloud)","Analisando a Solicitação de Acesso",6
"Educação","Educação","Não existe",6
"Educação","Educação","Feriados",6
"Arrecadação","Tributos (Cloud)","Seções",6
"Arrecadação","Tributos (Cloud)","Relatório de Valores das Dívidas",6
"Educação","Merenda Escolar","Cadastro de Ingredientes",6
"Arrecadação","Tributos (Cloud)","Assinatura digital",6
"ISS","Livro Eletrônico","Módulo Contribuinte >> Guias de Pagamento >> Emitir Guia",6
"Contábil","Contabilidade (Cloud)","Consumidor de Dados",6
"Contratos","Patrimônio (Cloud)","Baixa",6
"Arrecadação","Tributos (Cloud)","Loteamentos",6
"Contábil","Contabilidade (Cloud)","Credor",6
"Arrecadação","Tributos (Cloud)","Fonte de Dados",6
"Educação","Merenda Escolar","Receitas",6
"Contratos","Almoxarifado","Entradas de materiais",6
"Contábil","Contabilidade (Cloud)","Naturezas de Receita",6
"Contratos","Almoxarifado","Almoxarifados",6
"Arrecadação","Tributos (Cloud)","Obras",6
"Contratos","Patrimônio (Cloud)","Interação com o Contratos",6
"Atendimento","Transparência (Cloud)","Menus do portal",6
"Contábil","Contabilidade (Cloud)","Anexos gerenciais - execução orçamentária da despesa",6
"Arrecadação","Tributos (Cloud)","Template",6
"Atendimento","Cidadão Web 4 (Fly)","Configuração de Guias de Pagamento",6
"Contábil","Contabilidade (Cloud)","Cadastro de Retenções",6
"Contratos","Contratos (Cloud)","Comprovantes",6
"ISS","Livro Eletrônico","Nova rotina",6
"Contábil","Planejamento (Cloud)","Despesas do PPA",6
"Arrecadação","Procuradoria (Cloud)","Ajuizamento Eletrônico",6
"Contábil","Contabilidade (Cloud)","Cadastro de Conta Corrente",6
"Arrecadação","Procuradoria (Cloud)","Visão Geral do Gerenciamento de Dívidas Ativas",6
"Arrecadação","Tributos (Cloud)","Cancelamento/Reativação de documentos",6
"Saúde","Saúde (Cloud)","Flexibilização de relatórios",6
"Contábil","Contabilidade (Cloud)","Relação de Alterações Orçamentárias da Despesa",6
"Atendimento","Transparência (Cloud)","Estrutura organizacional",6
"Contratos","Patrimônio (Cloud)","Tipos de reavaliação",6
"Arrecadação","Tributos (Cloud)","Histórico da Movimentação da Divida Ativa",6
"Contratos","Contratos (Cloud)","Gerenciador de acessos",6
"Arrecadação","Procuradoria (Cloud)","Cadastro da Dívida Ativa",6
"Educação","Educação","Eventos",6
"Contratos","Compras (Cloud)","Tipos de objeto",6
"Plataforma","Ferramenta de Scripts","Nova rotina",6
"Contábil","Tesouraria (Cloud)","Devolução de receitas",6
"Pessoal","Minha Folha","Consulta de recibos integrados",6
"Educação","Professores (App)","Sincronização",6
"Saúde","Saúde (Cloud)","Configurações",6
"Arrecadação","Tributos (Cloud)","Indexadores",6
"Educação","Biblioteca (Cloud)","Leitores",6
"ISS","Livro Eletrônico","Emitir a Guia de Pagamento",6
"Saúde","Saúde (Cloud)","Atividade Coletiva",6
"Arrecadação","Tributos (Cloud)","Contribuição de melhoria",6
"Arrecadação","Tributos (Cloud)","Desmembramentos",6
"Educação","Educação","Definição do tipo de frequência da turma",6
"Saúde","Saúde (Cloud)","Nova rotina",6
"Contábil","Planejamento (Cloud)","Alteração orçamentária da receita",6
"Pessoal","Ponto (Cloud)","Importar marcações",6
"Contábil","Planejamento (Cloud)","Despesas da LOA",6
"Arrecadação","Tributos (Cloud)","Integração bancária para pagamentos",6
"Saúde","Saúde (Cloud)","Painel de Chamadas",6
"Pessoal","eSocial","EFD-Reinf",6
"Contábil","Planejamento (Cloud)","Abertura de exercício",6
"Pessoal","eSocial","Agenda de envios",6
"Contratos","Obras","Característica geral",6
"Arrecadação","Procuradoria (Cloud)","Comunicação com o Tribunal de Justiça",6
"Contratos","Patrimônio (Cloud)","Bens em Inventário",6
"Contábil","Contabilidade (Cloud)","Despesas não prevista na LOA",6
"Contratos","Contratos (Cloud)","Interação com o Patrimônio",6
"Atendimento","Protocolo (Cloud)","Histórico de processos",6
"Plataforma","Ferramenta Orquestrador","Nova rotina",6
"Pessoal","Folha","Gerenciador de Relatórios",6
"Contratos","Frotas (Mobile)","Checklist do Veículo",6
"Pessoal","Pontual (Cloud)","Validação de usuários",6
"Atendimento","Protocolo (Cloud)","Pessoas",6
"ISS","Livro Eletrônico","Cadastro de Contribuintes",6
"Pessoal","Recursos Humanos (Cloud)","Controle de Vale Transporte",6
"Pessoal","Folha (Cloud)","Gestão de médias e vantagens",6
"Contábil","Contabilidade (Cloud)","Relação de Pagamentos Efetuados",6
"Contratos","Obras","Nova rotina",6
"Pessoal","Ponto (Cloud)","Sistemas integrados",6
"Contratos","Compras (Cloud)","Anexar arquivos nas Solicitações de Compra",6
"Atendimento","Cidadão Web 4 (Fly)","Situação do Contribuinte",6
"Saúde","Saúde (Cloud)","Indicadores",6
"Pessoal","Folha (Cloud)","Cadastro de Manutenção de Estabelecimentos",6
"Pessoal","Ponto (Cloud)","Gerenciador de Permissões",6
"Arrecadação","Procuradoria (Cloud)","Configuração da Execução Fiscal Eletrônica",6
"Pessoal","Folha (Cloud)","Relatório de Encargos de INSS e FGTS",6
"Arrecadação","Tributos (Cloud)","Geração arquivos TCE-SC (e-Sfinge)",6
"Saúde","Saúde Domiciliar (Mobile)","Cadastros",6
"Saúde","Saúde (Cloud)","Cadastro de Imunização",6
"Pessoal","Folha (Cloud)","Scripts padrões",6
"Pessoal","Folha (Cloud)","Listagem de funcionários - dinâmica",6
"Pessoal","Folha","Nova rotina",6
"Pessoal","Pontual (Cloud)","(NÃO UTILIZAR) Frontend",6
"ISS","e-Nota (Cloud)","Nota",6
"Contratos","Contratos (Cloud)","Relatório de Saldos das Contratações Por Organograma e Solicitação",6
"Atendimento","Cidadão Web (Cloud)","Nova rotina",6
"Contratos","Almoxarifado (Mobile)","Outros",6
"Plataforma","Documentos","Outros",6
"Atendimento","Transparência Fly","Outros",6
"Atendimento","Documentos","Outros",6
"ISS","Gestão Fiscal","Movimentação Fiscal",5
"Arrecadação","Fatura","Leitura de Arquivos Bancários",5
"Pessoal","Pontual (Cloud)","Relógio",5
"Arrecadação","Tributos (Cloud)","Integração com o E-nota Fly",5
"Arrecadação","Tributos (Cloud)","Condomínios",5
"ISS","e-Nota (Cloud)","Liberação de acesso ao sistema",5
"Educação","Educação","Cadastro de turma",5
"Educação","Educação","Quadros de vagas",5
"Educação","Merenda Escolar","Cardápios escolares",5
"Educação","Merenda Escolar","Administrando >> Alunos >> Alunos",5
"Pessoal","Folha (Cloud)","Sistema",5
"Educação","Educação","Calendário escolar da matriz curricular",5
"Contábil","Contabilidade (Cloud)","Nota",5
"Contratos","Contratos (Cloud)","Iten",5
"Contábil","Contabilidade (Cloud)","Despesa",5
"Contábil","Contabilidade (Cloud)","Arrecadação",5
"Arrecadação","Tributos (Cloud)","Requerimento / Manutenção de Lançamento",5
"Contábil","Contabilidade (Cloud)","Balancete",5
"Contratos","Almoxarifado","Fonte de Dados",5
"Arrecadação","Procuradoria (Cloud)","Dividas",5
"Pessoal","Ponto (Cloud)","Ponto",5
"Contábil","Contabilidade (Cloud)","Conta",5
"Contratos","Compras (Cloud)","Cadastro de Fornecedores",5
"ISS","e-Nota Fly","Módulo Fiscal >> Relatórios >> Notas Fiscais",5
"Pessoal","Folha (Cloud)","Ocorrências disciplinares",5
"Pessoal","Folha (Cloud)","Afastamento",5
"Contratos","Almoxarifado","Almoxarifado",5
"Pessoal","Folha","Migração Betha FolhaRh / Folha Cloud",5
"Educação","Transporte Escolar","Rotas",5
"Contratos","Patrimônio (Cloud)","Utilização do bem",5
"Contábil","Contabilidade (Cloud)","Cadastro de Entidades",5
"Atendimento","Cidadão Web 4 (Fly)","Scripts para Cálculo de Correções",5
"Arrecadação","Procuradoria (Cloud)","Cadastro de Movimentação de Processos",5
"Contratos","Contratos (Cloud)","Cancelamento do Contrato Administrativo",5
"Contratos","Compras (Cloud)","Configurações da entidade",5
"Contábil","Contabilidade (Cloud)","Programação da Receita",5
"Pessoal","Minha Folha","Configuração de solicitação",5
"Contratos","Patrimônio (Cloud)","Nova rotina",5
"Arrecadação","Tributos (Cloud)","Consulta de viabilidade",5
"Pessoal","Folha (Cloud)","Geração do arquivo da RAIS",5
"Arrecadação","Tributos (Cloud)","Certidão de Transferência de Imóveis",5
"Contratos","Patrimônio (Cloud)","Baixa patrimonial",5
"Contábil","Contabilidade (Cloud)","Cadastro de Responsáveis",5
"Atendimento","Transparência (Cloud)","Relatórios padrões",5
"Contratos","Contratos (Cloud)","Termo de Apostilamento do Contrato",5
"Pessoal","Folha (Cloud)","Cadastro de Feriados",5
"Contábil","Contabilidade (Cloud)","Cadastro de arrecadações orçamentárias",5
"Contratos","Contratos (Cloud)","e-Sfinge",5
"Atendimento","Transparência (Cloud)","Notificações do acesso à informação",5
"Pessoal","Folha (Cloud)","Consulta rápida",5
"Saúde","Saúde (Cloud)","Baixa de Produtos",5
"Pessoal","Folha (Cloud)","Serviços do autônomo",5
"Contratos","Monitor DF-e","Interação com o Contabilidade Cloud",5
"Arrecadação","Tributos (Cloud)","Bairros",5
"Contratos","Almoxarifado","Característica geral",5
"Contratos","Compras (Cloud)","Documentação dos participantes do processo",5
"Pessoal","Folha (Cloud)","Geração do arquivo do SIOPE",5
"Arrecadação","Tributos (Cloud)","Termo de Parcelamento",5
"Plataforma","Admin","Liberação Acesso Técnico",5
"Contábil","Tesouraria (Cloud)","Arrecadações orçamentárias",5
"Arrecadação","Tributos (Cloud)","Motivos",5
"Contratos","Compras","Divisão de Itens das Entidades Participantes do Processo Licitatório",5
"Pessoal","Folha (Cloud)","Geração de arquivo do recibo de folha de pagamento",5
"Contábil","Contabilidade (Cloud)","Cadastro de Eventos Contábeis",5
"Pessoal","Ponto (Cloud)","Importação de marcações",5
"Atendimento","Cidadão Web 4 (Fly)","Emissão de Certidão Fiscal Venal",5
"Pessoal","eSocial","Nova rotina",5
"Atendimento","Transparência (Cloud)","Canal de atendimento",5
"Atendimento","Transparência (Cloud)","Parametrização do acesso à informação",5
"Pessoal","eSocial","Gerenciador de acessos",5
"Atendimento","Transparência (Cloud)","Gerenciador de interações",5
"Contábil","Contabilidade (Cloud)","Interação entre sistemas",5
"Atendimento","Minha Cidade","Guia",5
"Contábil","Transparência (Cloud)","Característica geral",5
"Educação","Professores","Diversos",5
"Pessoal","Folha","Integração - eSocial",5
"Arrecadação","Procuradoria (Cloud)","Assinatura Eletrônica",5
"Arrecadação","Tributos (Cloud)","Integração REGIN",5
"Contábil","Contabilidade (Cloud)","Início do exercício",5
"Contábil","Contabilidade (Cloud)","SIM-AM",5
"Educação","Educação","Objetivos de aprendizagem e desenvolvimento",5
"Pessoal","Folha (Cloud)","Reintegração de Funcionários",5
"Atendimento","Protocolo (Cloud)","Meus Processos",5
"Atendimento","Protocolo (Cloud)","Configuração de usuários",5
"Contábil","Convênios","Convênios Recebidos",5
"Arrecadação","Tributos (Cloud)","Eventos do Simples Nacional",5
"Pessoal","Recursos Humanos (Cloud)","Integração com o eSocial",5
"Atendimento","Protocolo (Cloud)","Gerenciador de acessos",5
"Pessoal","Folha (Cloud)","Gestão de Provisão",5
"Saúde","Saúde (Cloud)","Agendamento",5
"Atendimento","Transparência (Cloud)","Solicitação de acesso à informação",5
"Contábil","Contabilidade / SAPO","Transparência Cloud",5
"Pessoal","Recursos Humanos (Cloud)","Relatório de tempo de serviço",5
"Plataforma","Central do Usuário","Cadastro de Usuários",5
"Contábil","Contabilidade (Cloud)","Interação Portal do Gestor",5
"Educação","Professores","Acesso dos professores",5
"ISS","e-Nota Fly","Módulo Contribuinte >> Nota Fiscal >> Relatório notas",5
"Atendimento","Conecta","Nova rotina",5
"ISS","Gestão Fiscal","Auto de infração",5
"Atendimento","Protocolo (Cloud)","Gerenciador de relatórios",5
"Pessoal","Recursos Humanos (Cloud)","Remodelagem de períodos aquisitivos",5
"Pessoal","Folha (Cloud)","Cálculo de 13º Salário adiantado",5
"Pessoal","Recursos Humanos (Cloud)","Riscos ambientais",5
"Atendimento","Protocolo (Cloud)","Juntada de processos",5
"Pessoal","Folha (Cloud)","Fechamento do cálculo",5
"ISS","Livro Eletrônico","Declarar Serviço Tomado",5
"Pessoal","Folha (Cloud)","Relatório de Resumo Mensal da Folha",5
"Pessoal","Folha (Cloud)","Relatório de Funcionários",5
"Atendimento","Cidadão Web 4 (Fly)","Configuração de Certidão Fiscal Venal",5
"Pessoal","Ponto (Cloud)","Cadastro de Ausência",5
"Contratos","Contratos (Cloud)","Relatório de Saldos das Contratações",5
"ISS","e-Nota Fly","Exportação de notas para o TSE",5
"Pessoal","Recursos Humanos (Cloud)","Afastamentos",5
"Atendimento","Protocolo (Cloud)","APIs",5
"Atendimento","Cidadão Web 4 (Fly)","Gerais",5
"Arrecadação","Procuradoria (Cloud)","Atualização de Valores da CDA",5
"Contábil","Planejamento (Cloud)","Anexos da Lei 4.320/64",5
"Contábil","Contabilidade (Cloud)","APIs Integrações",5
"Atendimento","Protocolo (Cloud)","Assinatura digital",5
"ISS","Livro Eletrônico","APIs Integrações",5
"Contratos","Frotas (Cloud)","Manutenções",5
"ISS","Livro Eletrônico (Cloud)","Cadastro do Plano de Contas - COSIF",5
"ISS","e-Nota (Cloud)","Permitir",5
"Atendimento","Protocolo (Cloud)","Permitir",5
"Saúde","Saúde (Cloud)","Visitas Domiciliares",5
"ISS","e-Nota Fly","Configurações gerais de nota fiscal",5
"Contábil","Transparência (Cloud)","Consultas personalizadas",5
"Contábil","Tesouraria (Cloud)","Aplicações bancárias",5
"Arrecadação","Tributos (Cloud)","Integração Bombeiro",5
"ISS","Gestão Fiscal","Característica geral",5
"Educação","Professores (App)","Outros",5
"Contratos","Ferramentas de Conversão","Outros",5
"Pessoal","Sistema de Senhas","Outros",5
"Arrecadação","Gerador de Carnês","Outros",5
"Contábil","Prestação de Contas","Outros",5
"Plataforma","Central do Usuário","Outros",5
"Plataforma","Conecta","Outros",5
"Atendimento","Minha Cidade","Solicitação de parcelamento (Portal do Cidadão)",4
"Atendimento","Minha Cidade","Configuração de perfis para emissão de certidões",4
"Arrecadação","Fatura","Integração Contábil",4
"Arrecadação","Fatura","Cadastro de Imóveis",4
"Arrecadação","Fatura","Importação de Arquivo do Coletor",4
"Atendimento","Minha Cidade","Certidão",4
"Arrecadação","Produção Primária","Nota",4
"Saúde","Saúde (Cloud)","Ficha",4
"ISS","Livro Eletrônico (Cloud)","Transferência / Desvínculo Contador",4
"Pessoal","Folha (Cloud)","Cadastro de Layouts",4
"Educação","Educação","Matricula",4
"Pessoal","Ferramentas","Não se aplica",4
"Pessoal","Folha (Cloud)","Esocial",4
"Arrecadação","Tributos (Cloud)","Parcelamento de créditos",4
"Contábil","Contabilidade (Cloud)","Receita",4
"Saúde","Saúde (Cloud)","Vacina",4
"Contratos","Almoxarifado","Não se aplica",4
"Contratos","Frotas (Cloud)","Motorista",4
"Contratos","Compras (Cloud)","Cadastro de Cotações de Preço",4
"Educação","Educação","Tipos de avaliações",4
"Contábil","Contabilidade (Cloud)","Alteração",4
"Contratos","Compras (Cloud)","Compra",4
"Contratos","Contratos (Cloud)","Compra",4
"Contábil","Contabilidade (Cloud)","Lançamentos Contábeis",4
"Contratos","Contratos (Cloud)","Contrato",4
"Contratos","Compras (Cloud)","Atas de Registro de Preços",4
"Contratos","Compras (Cloud)","Vencedor",4
"Contratos","Compras (Cloud)","Modelos de documentos",4
"Pessoal","Folha (Cloud)","Alteração",4
"Contratos","Contratos (Cloud)","Item",4
"Contratos","Compras (Cloud)","Publicação",4
"Contratos","Contratos (Cloud)","Contratação",4
"Contratos","Patrimônio (Cloud)","Grupos de bens",4
"Pessoal","Folha (Cloud)","Baixa de provisão",4
"Pessoal","Folha (Cloud)","Integração",4
"Contratos","Almoxarifado","Bloqueio das movimentações",4
"Contratos","Almoxarifado","Lotes de validade",4
"Atendimento","Portal do Gestor","PDG - Monitoramento de cargas",4
"Contratos","Almoxarifado","Gerenciador de scripts",4
"Contratos","Frotas (Cloud)","Acompanhamentos mensais",4
"Contábil","Contabilidade (Cloud)","Programação da Despesa",4
"Pessoal","Minha Folha","Ficha financeira",4
"Contábil","Prestação de Contas","Gerenciador de Scripts",4
"Contábil","Contabilidade (Cloud)","Cadastro de Componentes",4
"Arrecadação","Procuradoria (Cloud)","Documentos da Execução Fiscal",4
"Contratos","Frotas (Cloud)","Organogramas",4
"Pessoal","Folha (Cloud)","Geração de arquivo do recibo de férias",4
"Contábil","Contabilidade (Cloud)","Receita extraorçamentária",4
"Contratos","Compras (Cloud)","Anexos da sessão de julgamento",4
"Arrecadação","Tributos (Cloud)","Validações Cadastrais",4
"Contratos","Contratos (Cloud)","Geração arquivos TCE-SC (e-Sfinge)",4
"Contratos","Compras (Cloud)","Itens da Ata de Registro de Preço",4
"Contratos","Frotas (Cloud)","Interação com o Transparência Cloud",4
"Atendimento","Protocolo (Cloud)","Solicitação de serviços online",4
"Arrecadação","Tributos (Cloud)","Homologação de cálculo",4
"Contratos","Frotas (Cloud)","Gerenciador de Permissões",4
"Educação","Educação","Configuração das matrículas",4
"Pessoal","Folha (Cloud)","Cadastro de Vínculos Empregatícios",4
"Contratos","Frotas (Cloud)","Funcionários",4
"Arrecadação","Procuradoria (Cloud)","Script",4
"Contábil","Contabilidade (Cloud)","Ferramenta de assinaturas",4
"Educação","Biblioteca (Cloud)","Pesquisa de materiais",4
"Pessoal","Recursos Humanos (Cloud)","Controle de Vale Alimentação",4
"Contratos","Contratos (Cloud)","Materiais e serviços",4
"Pessoal","Folha (Cloud)","Informações bancárias",4
"Pessoal","Pontual (Cloud)","Visão Geral",4
"Atendimento","Transparência (Cloud)","Gráficos",4
"Contábil","Contabilidade (Cloud)","Lançamento de Receita",4
"Arrecadação","Tributos (Cloud)","Notificações de Lançamentos",4
"Pessoal","Folha (Cloud)","Configuração do bloqueio do acesso",4
"Contratos","Monitor DF-e","NFS-e emitidas",4
"Contábil","Transparência (Cloud)","Filtros de consultas",4
"Arrecadação","Tributos (Cloud)","Relatório Opções de BCI (Espelho Cadastral de Imóveis)",4
"Contratos","Monitor DF-e","Alerta e Notificações",4
"Contratos","Compras (Cloud)","Fundamentos legais",4
"Educação","Biblioteca (Cloud)","Títulos",4
"Arrecadação","Tributos (Cloud)","Configuração Solicitação de Transferência de Imóvel",4
"Contábil","Contabilidade (Cloud)","Gerenciador de eventos",4
"Educação","Educação","Frequências escolares",4
"ISS","Livro Eletrônico (Cloud)","Gerar Lançamento Tributário",4
"Contratos","Compras (Cloud)","Agências Bancárias",4
"Arrecadação","Tributos (Cloud)","Localidades",4
"Contábil","Transparência (Cloud)","Modelos de dados",4
"Atendimento","Cidadão Web 4 (Fly)","Emissão de Alvará de Licença de Localização e/ou Funcionamento",4
"ISS","Livro Eletrônico","Módulo Fiscal >> Cadastros >> Contribuintes",4
"ISS","e-Nota Fly","Característica geral",4
"Contratos","Compras (Cloud)","Interação com o Compras Net",4
"Pessoal","Folha (Cloud)","Motivos de alterações salariais",4
"Pessoal","Minha Folha","Ficha funcional",4
"Arrecadação","Tributos (Cloud)","Junta comercial",4
"Saúde","Saúde (Cloud)","Profissionais",4
"Pessoal","Folha (Cloud)","Pesquisa de relatórios",4
"Atendimento","Cidadão Web 4 (Fly)","Configuração de Alvará de Licença de Localização e/ou Funcionamento",4
"Contratos","Compras (Cloud)","Geração arquivos TCE-SC (e-Sfinge)",4
"Pessoal","Folha (Cloud)","Configuração de rescisões",4
"Pessoal","Folha (Cloud)","Integração com o Transparência Fly",4
"Arrecadação","Tributos (Cloud)","Configuração de econômicos",4
"Contábil","Contabilidade (Cloud)","Organogramas",4
"Arrecadação","Tributos (Cloud)","Receitas",4
"Arrecadação","Tributos (Cloud)","Listagem de ITBI",4
"Contábil","Contabilidade (Cloud)","Relação de Empenhos",4
"Contábil","Contabilidade (Cloud)","Infraestrutura",4
"Pessoal","Folha (Cloud)","Favoritar relatórios",4
"ISS","Livro Eletrônico (Cloud)","Alteração Cadastral",4
"Pessoal","Ponto (Cloud)","Afastamento",4
"Contratos","Contratos (Cloud)","Geração arquivos TCE-PR (SIM-AM)",4
"Plataforma","Admin","Cadastro de Licenças",4
"Contábil","Contabilidade (Cloud)","Matriz de Saldos Contábeis",4
"Arrecadação","Procuradoria (Cloud)","Guias",4
"Pessoal","Folha (Cloud)","Pesquisa de matrículas",4
"Contábil","Convênios","Nova rotina",4
"Contábil","Contabilidade (Cloud)","Extrato da despesa",4
"Arrecadação","Procuradoria (Cloud)","Service Layer",4
"Contratos","Patrimônio (Cloud)","Cessão de Bens",4
"Contratos","Compras (Cloud)","Gerar Ata de Registro de Preço",4
"Contábil","Contabilidade (Cloud)","Prestação de Contas de Adiantamentos",4
"Contábil","Transparência (Cloud)","Nova rotina",4
"Arrecadação","Tributos (Cloud)","Relatório histórico dos imóveis",4
"Pessoal","Ponto (Cloud)","Cadastro de Matrícula",4
"Contábil","Contabilidade (Cloud)","[VG] Nota de Liquidação com Descontos",4
"Arrecadação","Tributos (Cloud)","Encerramento Mensal",4
"Pessoal","Folha (Cloud)","Relatório da Ficha Cadastral",4
"Atendimento","Protocolo Fly","Abertura de Protocolo",4
"Pessoal","Minha Folha","Mural",4
"Contábil","Tesouraria (Cloud)","Críticas de usuários",4
"Arrecadação","Tributos (Cloud)","Relatório de Conferência Contábil",4
"Pessoal","eSocial","Relatórios de domínios integrados",4
"Pessoal","Ponto (Cloud)","Manutenção de ocorrências",4
"Pessoal","Ponto (Cloud)","Relógios de ponto",4
"Pessoal","Folha (Cloud)","Relatório Ficha Financeira",4
"Contábil","Contabilidade (Cloud)","Balancete da Receita",4
"Contábil","Planejamento (Cloud)","Alteração Orçamentária da Despesa",4
"Plataforma","Documentos","Documentos compartilhados",4
"Educação","Educação","Configuração da lista de espera",4
"Pessoal","Pontual (Cloud)","Relatório de marcações",4
"Plataforma","Documentos","Acompanhar assinaturas",4
"Atendimento","Cidadão Web 4 (Fly)","Dados de Configurações de Parcelas",4
"Atendimento","Cidadão Web 4 (Fly)","Validação de Documentos",4
"Pessoal","Folha (Cloud)","Pagamento de RRA - Rendimentos Recebidos Acumuladamente",4
"Arrecadação","Tributos (Cloud)","Notificação de Débitos",4
"Arrecadação","Tributos (Cloud)","Certidão Negativa de Débitos - Imóvel",4
"ISS","Livro Eletrônico","Dados da Guia de Pagamento",4
"Pessoal","Minha Folha","Configuração de liberação de recibos",4
"Contratos","Obras","APIs Integrações",4
"ISS","e-Nota (Cloud)","Integração com a Nota Nacional",4
"Pessoal","eSocial","Domínios Integrados",4
"Atendimento","Cidadão Web 4 (Fly)","API",4
"Arrecadação","Tributos (Cloud)","Manutenção em lote do cadastro imobiliário",4
"Atendimento","Protocolo (Cloud)","Característica geral protocolo",4
"Atendimento","Documentos","Documentos compartilhados",4
"ISS","Gestão Fiscal","Exportar/Importar dados do Cartão de Crédito e Débito",4
"Contábil","Contabilidade (Cloud)","Anulação de Pagamento de Empenho",4
"ISS","e-Nota (Cloud)","Cadastro de convênios bancários",4
"ISS","e-Nota Fly","Compartilhamento Nota nacional",4
"Não informada","Portal de Serviços","Nova rotina",4
"ISS","e-Nota Fly","Visualizar PDF da nota fiscal",4
"Contratos","Frotas (Mobile)","Outros",4
"Contábil","Controladoria","Outros",4
"Atendimento","Conecta","Outros",4
"Arrecadação","Fatura","Cálculo de Faturas",3
"Arrecadação","Fatura","Cadastro de Ligações",3
"ISS","e-Nota (Cloud)","Relatório de Adesão ao Sistema",3
"ISS","e-Nota (Cloud)","Cadastro da lista de serviços",3
"Atendimento","Minha Cidade","Imóvel",3
"ISS","Gestão Fiscal","Movimentação Financeira",3
"Saúde","Saúde Domiciliar (Mobile)","Saúde",3
"ISS","e-Nota (Cloud)","Manutenções fiscais",3
"Arrecadação","Procuradoria (Cloud)","Intimação Eletrônica",3
"ISS","Livro Eletrônico (Cloud)","Declaração por contas de serviços - Livro Eletrônico (Padrão)",3
"Educação","Educação","Cadastro de Alunos",3
"Educação","Transporte Escolar","Gestão de Usuários do Transporte",3
"Pessoal","Ferramentas","Betha ISQL",3
"Pessoal","Ferramentas","Não existe",3
"Arrecadação","Tributos (Cloud)","Cálculo (Homologação)",3
"Pessoal","Ferramentas","ArqJob",3
"Atendimento","Minha Cidade","Alvará",3
"Educação","Educação","Instrumentos de avaliação",3
"Educação","Educação","Disciplinas",3
"Contratos","Almoxarifado","Material",3
"ISS","Livro Eletrônico (Cloud)","Livro",3
"Educação","Educação","Turma",3
"Pessoal","Folha (Cloud)","Cálculo das médias",3
"Contábil","Planejamento (Cloud)","Não se Aplica",3
"Pessoal","Ferramentas","Senha",3
"Pessoal","Folha (Cloud)","Configuração",3
"Contratos","Contratos (Cloud)","Não existe",3
"Contratos","Compras (Cloud)","Integrações com sistema de Contabilidade",3
"ISS","e-Nota (Cloud)","Emissão da carta de correção",3
"Educação","Educação","Fórmulas de cálculo de resultados dos períodos",3
"ISS","e-Nota (Cloud)","Configurações gerais para as pendências financeiras",3
"Pessoal","Recursos Humanos (Cloud)","Plano",3
"Contratos","Compras (Cloud)","Lances do Pregão",3
"Contábil","Contabilidade (Cloud)","Numero",3
"Contábil","Contabilidade (Cloud)","Controle",3
"Contábil","Tesouraria (Cloud)","Interação com Tributos",3
"Contratos","Monitor DF-e","Não existe",3
"Contratos","Almoxarifado","Saída",3
"Contratos","Almoxarifado","Localização física",3
"Contábil","Contabilidade (Cloud)","Liquidação",3
"Contábil","Contabilidade (Cloud)","Sistema",3
"Contábil","Contabilidade (Cloud)","Transformers",3
"Arrecadação","Tributos (Cloud)","Notificação",3
"Pessoal","Folha (Cloud)","Falta",3
"Contratos","Compras (Cloud)","Contrato",3
"Contratos","Contratos (Cloud)","Relatórios Cloud",3
"Contábil","Contabilidade (Cloud)","Relação",3
"Arrecadação","Procuradoria (Cloud)","Processos (Execuções fiscais)",3
"Contábil","Contabilidade (Cloud)","Integração",3
"Contábil","Contabilidade (Cloud)","Relatório",3
"Contábil","Planejamento (Cloud)","Relatórios gerenciais e notas do PPA",3
"Arrecadação","Tributos (Cloud)","Integração com sistemas de tesouraria",3
"Pessoal","Folha (Cloud)","Dias",3
"ISS","e-Nota (Cloud)","Perfil do contribuinte",3
"Pessoal","Folha","Cálculo da Folha",3
"Contratos","Compras (Cloud)","Iten",3
"Pessoal","Folha (Cloud)","Rescisão",3
"Contábil","Tesouraria (Cloud)","Relatórios gerenciais - recebimentos",3
"Pessoal","Folha (Cloud)","Inss",3
"Contratos","Frotas (Cloud)","Despesa",3
"Saúde","Saúde (Cloud)","Paciente",3
"Contábil","Contabilidade (Cloud)","Recibo de Retenção de Imposto",3
"Contratos","Compras (Cloud)","Documento",3
"Educação","Educação","Planejamento",3
"Contratos","Frotas (Cloud)","Acompanhamentos Mensais",3
"Pessoal","Folha (Cloud)","Período",3
"Arrecadação","Tributos (Cloud)","Imóvel",3
"Contratos","Compras (Cloud)","Despesa",3
"Plataforma","Ferramenta de Relatórios","Característica geral",3
"Contábil","Contabilidade (Cloud)","Anulação de Despesa Extra",3
"Contratos","Almoxarifado","Campos Adicionais",3
"Contratos","Compras (Cloud)","Classificar Propostas",3
"Contratos","Contratos (Cloud)","Sanções Administrativas",3
"Arrecadação","Tributos (Cloud)","Configuração de documentos",3
"Pessoal","Folha (Cloud)","Servidor",3
"Contratos","Frotas (Cloud)","Materiais e serviços",3
"Contratos","Contratos (Cloud)","Fornecimento",3
"Pessoal","Folha (Cloud)","Feria",3
"Pessoal","Folha (Cloud)","Processo",3
"Pessoal","Folha (Cloud)","Media",3
"Contábil","Contabilidade (Cloud)","SICONFI",3
"Educação","Transporte Escolar","Matrículas do usuário",3
"Educação","Transporte Escolar","Anos letivos",3
"Educação","Pais e Alunos","Aluno",3
"Pessoal","Folha (Cloud)","Endereços",3
"Arrecadação","Procuradoria (Cloud)","Modelos de Documentos",3
"Contratos","Contratos (Cloud)","Documentação apresentada no Contrato",3
"Contratos","Frotas (Cloud)","Pneus",3
"Contratos","Frotas (Cloud)","Integração",3
"Pessoal","Folha (Cloud)","Filtro",3
"Pessoal","Folha (Cloud)","Indicador",3
"Pessoal","Folha (Cloud)","Cadastro de empresas",3
"Pessoal","Folha (Cloud)","Reintegração",3
"Pessoal","Folha (Cloud)","Bloquear",3
"Contratos","Obras","Configurações da entidade",3
"Contábil","Contabilidade (Cloud)","Assinatura",3
"Arrecadação","Procuradoria (Cloud)","Petição",3
"Educação","Educação","Configuração do processo de inscrição para matrícula",3
"Pessoal","Ponto (Cloud)","Relatório de marcações",3
"Pessoal","Folha (Cloud)","Relatório de Movimentos",3
"Atendimento","Protocolo (Cloud)","Workflow Studio",3
"Contábil","Planejamento (Cloud)","Envio de dados para o Portal da Transparência",3
"Arrecadação","Procuradoria (Cloud)","Cadastro de Escritórios de Advocacia, Advogados e Procuradores.",3
"Contábil","Contabilidade (Cloud)","Cadastro de desmembramento de receitas",3
"Contábil","Contabilidade (Cloud)","Saldos Iniciais Extra orçamentários",3
"Contábil","Contabilidade (Cloud)","Bancos",3
"Contábil","Contabilidade (Cloud)","Cadastro de Em liquidação",3
"Educação","Biblioteca (Cloud)","Biblioteca",3
"Contratos","Almoxarifado","Organogramas",3
"Contratos","Almoxarifado (Mobile)","Conferência de requisições",3
"Contratos","Compras (Cloud)","Certificado de Registro Cadastral - CRC",3
"Atendimento","Cidadão Web 4 (Fly)","Configuração de Guias Unificadas",3
"Contratos","Obras","Filtro e Pesquisa",3
"Saúde","Saúde (Cloud)","Transferências de Produtos",3
"Saúde","Saúde (Cloud)","Chamada",3
"Arrecadação","Tributos (Cloud)","Vistorias",3
"Contratos","Compras (Cloud)","Pareceres",3
"Pessoal","Folha (Cloud)","Pensão",3
"Pessoal","Folha (Cloud)","Histórico",3
"Pessoal","Folha (Cloud)","Contrato",3
"Contábil","Contabilidade (Cloud)","Configurações de assinaturas",3
"Contratos","Compras (Cloud)","Interações com o Portal do Gestor",3
"Atendimento","Cidadão Web 4 (Fly)","Emissão de Certidão Negativa de Débitos de Imóvel",3
"Contratos","Frotas (Cloud)","Service layer",3
"Saúde","Saúde (Cloud)","Gestão de TFD",3
"Contratos","Frotas (Cloud)","Interação com Almoxarifado",3
"Contratos","Frotas (Cloud)","Geração arquivo SIM-AM",3
"Contratos","Compras (Cloud)","Impugnação do processo",3
"Contábil","Tesouraria (Cloud)","Cadastro de contas bancárias",3
"Arrecadação","Procuradoria (Cloud)","Controle de emissão de documentos",3
"Pessoal","Minha Folha","Comprovante de rendimentos",3
"Contratos","Contratos (Cloud)","SIM-AM",3
"Contratos","Almoxarifado","Service Layer",3
"Arrecadação","Tributos (Cloud)","Parcelas",3
"Arrecadação","Tributos (Cloud)","Script Arquivo para Gráfica",3
"Contratos","Compras (Cloud)","Gerar Processo Administrativo a partir de cotação de preço",3
"Saúde","Saúde (Cloud)","Gestão de Requisições",3
"Pessoal","Recursos Humanos (Cloud)","Concurso",3
"Pessoal","Folha (Cloud)","Planos salariais",3
"Contábil","Tesouraria (Cloud)","Integração multibancária no processo de pagamentos",3
"Contábil","Convênios","Prestação de Contas de Convênios Recebidos",3
"Saúde","Saúde (Cloud)","Exportação para o eSus",3
"Educação","Educação","Definição das notas máximas dos períodos avaliativos",3
"ISS","Gestão Fiscal","Guia de pagamento",3
"Pessoal","Folha (Cloud)","Consulta de logs de execução",3
"Atendimento","Cidadão Web 4 (Fly)","Dados de Refis",3
"Educação","Professores","Scripts",3
"Educação","Pais e Alunos","Característica geral",3
"Atendimento","Cidadão Web 4 (Fly)","Integração Sistemas Betha",3
"Arrecadação","Tributos (Cloud)","Consulta unificada da dívida ativa",3
"ISS","e-Nota Fly","Configurações gerais para guia de pagamento",3
"Educação","Biblioteca (Cloud)","Scripts",3
"Contratos","Compras (Cloud)","Locais de entrega",3
"Contratos","Compras (Cloud)","Gerenciador de integração com plataformas de Pregão Eletrônico",3
"Saúde","Saúde (Cloud)","Característica geral",3
"Contratos","Obras","Atos",3
"Contábil","Convênios","Cadastro de Comprovantes",3
"Arrecadação","Procuradoria (Cloud)","Cadastro Automático de Processos",3
"Contratos","Compras","Gerenciador de ArqJoblets",3
"Contábil","Planejamento (Cloud)","Recursos",3
"Educação","Professores (App)","Nova rotina",3
"Saúde","Saúde Domiciliar (Mobile)","Visita",3
"Pessoal","Folha (Cloud)","Tipo",3
"Contábil","Planejamento (Cloud)","Anexo II - Modelo da Planilha de Despesa por Programa e Ações",3
"Pessoal","Ponto (Cloud)","Fórmulas",3
"Contábil","Contabilidade (Cloud)","Interação com Monitor DF-e",3
"Arrecadação","Procuradoria (Cloud)","Endereços",3
"Pessoal","Ponto (Cloud)","Comunicação com relógios via TCP/IP",3
"Educação","Transporte Escolar","Scripts",3
"Pessoal","eSocial","Característica geral",3
"Arrecadação","Tributos (Cloud)","Geração de arquivo para Impressão de Carnês",3
"Contratos","Monitor DF-e","NF-e emitidas",3
"Contábil","Tesouraria (Cloud)","Contas bancárias",3
"Pessoal","Folha (Cloud)","Cadastro de Função para Fórmula",3
"Contábil","Tesouraria (Cloud)","Geração do arquivo de ordem bancária",3
"Atendimento","Cidadão Web 4 (Fly)","Scripts para Cálculo de Acréscimos",3
"Contábil","Tesouraria (Cloud)","Reconhecimento de pagamentos",3
"Arrecadação","Procuradoria (Cloud)","Integração entre o Procuradoria Cloud x Tributos Cloud",3
"Pessoal","Folha (Cloud)","Consulta do log do cálculo",3
"Plataforma","Admin","Auditoria",3
"Educação","Merenda Escolar","Controle nutricional",3
"Arrecadação","Procuradoria (Cloud)","Grupos de Trabalho",3
"Pessoal","Recursos Humanos (Cloud)","Configurações Gerais",3
"Educação","Transporte Escolar","Nova rotina",3
"Educação","Professores","Relatórios",3
"Atendimento","Protocolo (Cloud)","Endereços",3
"Arrecadação","Tributos (Cloud)","Relatório Relação dos Maiores Contribuintes Devedores",3
"Pessoal","Ponto (Cloud)","Fechamento de período",3
"Contratos","Compras (Cloud)","Relatório de logs da integração com o PNCP",3
"Contratos","Almoxarifado","Posição do Estoque",3
"Atendimento","Conecta","Relatório Histórico de Tarefas",3
"Contábil","Contabilidade (Cloud)","Consulta de saldos de despesas (widget)",3
"ISS","Livro Eletrônico","Cadastro de Convênios",3
"Contábil","Contabilidade (Cloud)","Relação de Liquidações Emitidas",3
"Saúde","Saúde Domiciliar (Mobile)","Domiciliar",3
"Educação","Educação","Critérios da lista de espera",3
"Pessoal","Folha (Cloud)","Logs de execução do sistema",3
"Contábil","Planejamento (Cloud)","Dedução da receita",3
"Atendimento","Transparência (Cloud)","Impressão de  consultas",3
"Educação","Educação","Predição de evasão e reprovação",3
"ISS","e-Nota Fly","Módulo Fiscal >> Processos >> Manutenções Fiscais >> Alterar regime tributário",3
"Contábil","Prestação de Contas","Prestação de contas SIM-AM",3
"Contratos","Compras (Cloud)","Ambiente de cotações",3
"ISS","e-Nota Fly","Gerenciador de relatórios",3
"ISS","Gestão Fiscal","DTEM",3
"ISS","e-Nota Fly","Módulo Fiscal >> Cadastros >> Pessoas >> Aba Simples nacional",3
"Contábil","Prestação de Contas","Prestação de Contas e-Sfinge",3
"Saúde","Saúde (Cloud)","Unificação/Desunificação",3
"ISS","e-Nota Fly","Módulo Fiscal >> Consultas >> Consultar notas",3
"Atendimento","Protocolo (Cloud)","Transferência de processos",3
"ISS","e-Nota (Cloud)","Serviço",3
"Contábil","Tesouraria (Cloud)","Ajustes de recursos",3
"Contábil","Contabilidade (Cloud)","Relatório de Dividas Fundadas e Precatórios",3
"ISS","Livro Eletrônico","Emissão da Nota Avulsa",3
"Contratos","Compras","Lances do processo de compra",3
"Pessoal","Folha","Relatório de Encargos do IRRF",3
"Atendimento","Cidadão Web 4 (Fly)","Emissão de Guias Unificadas",3
"Pessoal","Ponto (Cloud)","Jornada de trabalho",3
"ISS","e-Nota (Cloud)","Acesso técnico ao módulo contribuinte",3
"Saúde","Saúde (Cloud)","Resultado",3
"Pessoal","Ponto (Cloud)","Consulta de marcações",3
"Pessoal","Folha (Cloud)","Cadastro de funções",3
"Contábil","Contabilidade (Cloud)","Críticas Padrões",3
"Atendimento","Transparência (Cloud)","Links",3
"Pessoal","Folha (Cloud)","Relatório de Rescisões",3
"ISS","e-Nota (Cloud)","Consulta de nota fiscal para o fiscal",3
"Pessoal","Ponto (Cloud)","Configurações gerais",3
"Pessoal","Folha (Cloud)","Cálculo da folha mensal complementar",3
"Pessoal","Folha (Cloud)","Função de cálculo do sistema",3
"Contábil","Tesouraria (Cloud)","Emissão de notas - pagamentos",3
"Pessoal","Recursos Humanos (Cloud)","Relatório de Licença Prêmio",3
"Pessoal","Recursos Humanos (Cloud)","Favoritar Relatórios",3
"Arrecadação","Procuradoria (Cloud)","Relatórios",3
"Pessoal","Recursos Humanos (Cloud)","Entrega de EPIs",3
"Contábil","Planejamento (Cloud)","Plano Plurianual (PPA)",3
"Plataforma","Conecta","Gerencimento de Tarefas",3
"Pessoal","Folha (Cloud)","Certidão de tempo de Contribuição - anexo XV da IN 128/2022",3
"Pessoal","Minha Folha","APIs Integrações",3
"Contábil","Transparência (Cloud)","Acessibilidade",3
"Arrecadação","Tributos (Cloud)","Situação da Dívida",3
"Pessoal","Ponto (Cloud)","Gestão de marcações",3
"Pessoal","Ponto (Cloud)","APIs Integrações Ponto",3
"Contábil","Contabilidade (Cloud)","Receitas não prevista na LOA",3
"Pessoal","Folha","Integração com o Transparência Cloud",3
"Atendimento","Cidadão Web 4 (Fly)","Situação do Referente",3
"Pessoal","Ponto (Cloud)","Gerenciador de Scripts",3
"ISS","Livro Eletrônico (Cloud)","Cadastro do Código de Tributação DES-IF",3
"Pessoal","Folha (Cloud)","DIRF",3
"Arrecadação","Tributos (Cloud)","Dívidas por Contribuintes",3
"Contratos","Compras (Cloud)","APIs Integrações Compras",3
"Pessoal","Folha (Cloud)","Relatórios Folha",3
"ISS","e-Nota (Cloud)","Aplicativo",3
"Arrecadação","Tributos (Cloud)","Script - INSCOBRA - Divida Ativa Simples Nacional",3
"Arrecadação","Tributos (Cloud)","Emissão de guias unificadas",3
"Pessoal","Folha (Cloud)","Geração arquivos TCE-PR (SIAP)",3
"Contratos","Obras","Interações com o Transparência",3
"Saúde","Saúde (Cloud)","Beneficios",3
"Atendimento","Protocolo (Cloud)","Taxas",3
"ISS","e-Nota (Cloud)","Gerenciador de Scripts",3
"Pessoal","Folha (Cloud)","APIs Integrações Folha",3
"Atendimento","Documentos","APIs Integrações",3
"Saúde","Saúde Domiciliar (Mobile)","Pacientes/Domicílios e Territorios",3
"Contábil","Tesouraria (Cloud)","Conta",3
"Pessoal","Folha (Cloud)","Relatório de encargos IRRF",3
"ISS","Livro Eletrônico","Configuração da Declaração de Serviço",3
"Contratos","Contratos (Cloud)","[Serviço] - Controle de Solicitações de Fornecimento Autorizadas - Notificação",3
"Contratos","Monitor DF-e","APIs Integrações",3
"Atendimento","Protocolo (Cloud)","Solicitações de atendimento",3
"Saúde","Saúde (Cloud)","Exportações",3
"Saúde","Saúde (Cloud)","Integrações",3
"Contratos","Almoxarifado","APIs Integrações Almoxarifado",3
"Contábil","Transparência (Cloud)","Configuração de consultas",3
"Sistemas Internos","Portal de atendimento","Outros",3
"Pessoal","Pontual Fly","Outros",3
"Contábil","Tesouraria","Outros",3
"Contratos","Patrimônio","Outros",3
"Contábil","Contábil Cloud","Outros",2
"Contábil","Planejamento Cloud","Outros",2
"Saúde","Saúde Fly","Outros",2
"Plataforma","Ferramenta de Campos Adicionais","Outros",2
"Plataforma","Ferramenta Orquestrador","Outros",2
"Atendimento","Minha Cidade (App)","Outros",2
"Contábil","Custos","Outros",2
"Parceiros","Fiscalização Urbanas","Outros",2
"Educação","Educação Web","Outros",2
"Parceiros","Cemitério","Outros",2
"Contábil","Planejamento","Outros",2
"Parceiros","Sist Social","Outros",2
"Plataforma","Plataforma","Outros",2
"Educação","Biblioteca","Outros",2
"Arrecadação","Produção Primária","Outros",1
"Contratos","Estoque","Outros",1
"Contábil","Gestão Financeira Cloud","Outros",1
"Plataforma","Ferramenta de Scripts","Outros",1
"Contratos","Patrimônio Fly","Outros",1
"Pessoal","Controle de Acessos","Outros",1
"Contábil","Transparência Fly","Outros",1
"Arrecadação","Ferramentas de Conversão","Outros",1
"Parceiros","Fatura (Cloud)","Outros",1
"Não informada","Beth","Outros",1
"Parceiros","BI Saúde e Assistência Social","Outros",1
"Parceiros","Controle Interno","Outros",1
"Não informada","Conecta (BPM)","Outros",1